game_pk,game_date,partition
823244,2026-03-25,development
823081,2026-03-26,development
823163,2026-03-26,development
823325,2026-03-26,development
823486,2026-03-26,development
823649,2026-03-26,development
823812,2026-03-26,development
823974,2026-03-26,development
824218,2026-03-26,development
824541,2026-03-26,development
824704,2026-03-26,development
824865,2026-03-26,development
822839,2026-03-27,development
823162,2026-03-27,development
823243,2026-03-27,development
823324,2026-03-27,development
823893,2026-03-27,development
823971,2026-03-27,development
824216,2026-03-27,development
824946,2026-03-27,development
822838,2026-03-28,development
823082,2026-03-28,development
823161,2026-03-28,development
823241,2026-03-28,development
823323,2026-03-28,development
823488,2026-03-28,development
823651,2026-03-28,development
823811,2026-03-28,development
823892,2026-03-28,development
823973,2026-03-28,development
824213,2026-03-28,development
824540,2026-03-28,development
824701,2026-03-28,development
824862,2026-03-28,development
824945,2026-03-28,development
822837,2026-03-29,development
823079,2026-03-29,development
823160,2026-03-29,development
823487,2026-03-29,development
823647,2026-03-29,development
823810,2026-03-29,development
823891,2026-03-29,development
824215,2026-03-29,development
824538,2026-03-29,development
824700,2026-03-29,development
824864,2026-03-29,development
824944,2026-03-29,development
822834,2026-03-30,development
823080,2026-03-30,development
823159,2026-03-30,development
823320,2026-03-30,development
823484,2026-03-30,development
823809,2026-03-30,development
823890,2026-03-30,development
823972,2026-03-30,development
824135,2026-03-30,development
824214,2026-03-30,development
824539,2026-03-30,development
824702,2026-03-30,development
824863,2026-03-30,development
824943,2026-03-30,development
825108,2026-03-30,development
822836,2026-03-31,development
823077,2026-03-31,development
823158,2026-03-31,development
823322,2026-03-31,development
823485,2026-03-31,development
823807,2026-03-31,development
823888,2026-03-31,development
823969,2026-03-31,development
824212,2026-03-31,development
824537,2026-03-31,development
824699,2026-03-31,development
824861,2026-03-31,development
824942,2026-03-31,development
825107,2026-03-31,development
822835,2026-04-01,development
823078,2026-04-01,development
823157,2026-04-01,development
823321,2026-04-01,development
823483,2026-04-01,development
823806,2026-04-01,development
823889,2026-04-01,development
823970,2026-04-01,development
824136,2026-04-01,development
824211,2026-04-01,development
824536,2026-04-01,development
824698,2026-04-01,development
824860,2026-04-01,development
824940,2026-04-01,development
825106,2026-04-01,development
823242,2026-04-02,development
824133,2026-04-02,development
825105,2026-04-02,development
822758,2026-04-03,development
822919,2026-04-03,development
823240,2026-04-03,development
823406,2026-04-03,development
823568,2026-04-03,development
823732,2026-04-03,development
824056,2026-04-03,development
824299,2026-04-03,development
824377,2026-04-03,development
824458,2026-04-03,development
824621,2026-04-03,development
824786,2026-04-03,development
825026,2026-04-03,development
825103,2026-04-03,development
822757,2026-04-04,development
822920,2026-04-04,development
823239,2026-04-04,development
823404,2026-04-04,development
823569,2026-04-04,development
823730,2026-04-04,development
824054,2026-04-04,development
824132,2026-04-04,development
824134,2026-04-04,development
824295,2026-04-04,development
824378,2026-04-04,development
824622,2026-04-04,development
824782,2026-04-04,development
825027,2026-04-04,development
825104,2026-04-04,development
822756,2026-04-05,development
822917,2026-04-05,development
823238,2026-04-05,development
823405,2026-04-05,development
823566,2026-04-05,development
823729,2026-04-05,development
824053,2026-04-05,development
824131,2026-04-05,development
824296,2026-04-05,development
824379,2026-04-05,development
824459,2026-04-05,development
824460,2026-04-05,development
824620,2026-04-05,development
824781,2026-04-05,development
825025,2026-04-05,development
825102,2026-04-05,development
822755,2026-04-06,development
822832,2026-04-06,development
822918,2026-04-06,development
823002,2026-04-06,development
823237,2026-04-06,development
823401,2026-04-06,development
823728,2026-04-06,development
823886,2026-04-06,development
824052,2026-04-06,development
824376,2026-04-06,development
824456,2026-04-06,development
824619,2026-04-06,development
824783,2026-04-06,development
822754,2026-04-07,development
822831,2026-04-07,development
822916,2026-04-07,development
822999,2026-04-07,development
823235,2026-04-07,development
823402,2026-04-07,development
823567,2026-04-07,development
823648,2026-04-07,development
823727,2026-04-07,development
823887,2026-04-07,development
824051,2026-04-07,development
824375,2026-04-07,development
824457,2026-04-07,development
824618,2026-04-07,development
824780,2026-04-07,development
822753,2026-04-08,development
822833,2026-04-08,development
822915,2026-04-08,development
823000,2026-04-08,development
823234,2026-04-08,development
823403,2026-04-08,development
823564,2026-04-08,development
823646,2026-04-08,development
823726,2026-04-08,development
823885,2026-04-08,development
824050,2026-04-08,development
824374,2026-04-08,development
824455,2026-04-08,development
824617,2026-04-08,development
824779,2026-04-08,development
823319,2026-04-09,development
823565,2026-04-09,development
823645,2026-04-09,development
823724,2026-04-09,development
823884,2026-04-09,development
824130,2026-04-09,development
822829,2026-04-10,development
822997,2026-04-10,development
823076,2026-04-10,development
823156,2026-04-10,development
823318,2026-04-10,development
823482,2026-04-10,development
823643,2026-04-10,development
823808,2026-04-10,development
823968,2026-04-10,development
824128,2026-04-10,development
824297,2026-04-10,development
824534,2026-04-10,development
824695,2026-04-10,development
824858,2026-04-10,development
824941,2026-04-10,development
822830,2026-04-11,development
822996,2026-04-11,development
823074,2026-04-11,development
823155,2026-04-11,development
823316,2026-04-11,development
823480,2026-04-11,development
823644,2026-04-11,development
823805,2026-04-11,development
823967,2026-04-11,development
824129,2026-04-11,development
824294,2026-04-11,development
824535,2026-04-11,development
824697,2026-04-11,development
824857,2026-04-11,development
824939,2026-04-11,development
822828,2026-04-12,development
822998,2026-04-12,development
823075,2026-04-12,development
823154,2026-04-12,development
823317,2026-04-12,development
823479,2026-04-12,development
823642,2026-04-12,development
823804,2026-04-12,development
823966,2026-04-12,development
824126,2026-04-12,development
824293,2026-04-12,development
824533,2026-04-12,development
824696,2026-04-12,development
824859,2026-04-12,development
824938,2026-04-12,development
823073,2026-04-13,development
823153,2026-04-13,development
823400,2026-04-13,development
823481,2026-04-13,development
823563,2026-04-13,development
823725,2026-04-13,development
823964,2026-04-13,development
824856,2026-04-13,development
824937,2026-04-13,development
825024,2026-04-13,development
823072,2026-04-14,development
823315,2026-04-14,development
823398,2026-04-14,development
823478,2026-04-14,development
823562,2026-04-14,development
823723,2026-04-14,development
823802,2026-04-14,development
823965,2026-04-14,development
824210,2026-04-14,development
824292,2026-04-14,development
824531,2026-04-14,development
824616,2026-04-14,development
824853,2026-04-14,development
824935,2026-04-14,development
825022,2026-04-14,development
823071,2026-04-15,development
823314,2026-04-15,development
823399,2026-04-15,development
823477,2026-04-15,development
823561,2026-04-15,development
823722,2026-04-15,development
823803,2026-04-15,development
823963,2026-04-15,development
824209,2026-04-15,development
824291,2026-04-15,development
824532,2026-04-15,development
824615,2026-04-15,development
824855,2026-04-15,development
824936,2026-04-15,development
825021,2026-04-15,development
823313,2026-04-16,development
823396,2026-04-16,development
823560,2026-04-16,development
823801,2026-04-16,development
824208,2026-04-16,development
824289,2026-04-16,development
824453,2026-04-16,development
824530,2026-04-16,development
824614,2026-04-16,development
825023,2026-04-16,development
822752,2026-04-17,development
823152,2026-04-17,development
823397,2026-04-17,development
823476,2026-04-17,development
823559,2026-04-17,development
823720,2026-04-17,development
823883,2026-04-17,development
824048,2026-04-17,development
824207,2026-04-17,development
824373,2026-04-17,development
824454,2026-04-17,development
824693,2026-04-17,development
824778,2026-04-17,development
825019,2026-04-17,development
825101,2026-04-17,development
822751,2026-04-18,development
823151,2026-04-18,development
823394,2026-04-18,development
823474,2026-04-18,development
823558,2026-04-18,development
823721,2026-04-18,development
823882,2026-04-18,development
824049,2026-04-18,development
824206,2026-04-18,development
824372,2026-04-18,development
824451,2026-04-18,development
824694,2026-04-18,development
824775,2026-04-18,development
825020,2026-04-18,development
825098,2026-04-18,development
822750,2026-04-19,development
823150,2026-04-19,development
823393,2026-04-19,development
823475,2026-04-19,development
823556,2026-04-19,development
823718,2026-04-19,development
823881,2026-04-19,development
824047,2026-04-19,development
824205,2026-04-19,development
824371,2026-04-19,development
824452,2026-04-19,development
824691,2026-04-19,development
824777,2026-04-19,development
825018,2026-04-19,development
825100,2026-04-19,development
822749,2026-04-20,development
822994,2026-04-20,development
823149,2026-04-20,development
823879,2026-04-20,development
824046,2026-04-20,development
824125,2026-04-20,development
824370,2026-04-20,development
824450,2026-04-20,development
824692,2026-04-20,development
824776,2026-04-20,development
822747,2026-04-21,development
822914,2026-04-21,development
822995,2026-04-21,development
823148,2026-04-21,development
823236,2026-04-21,development
823640,2026-04-21,development
823880,2026-04-21,development
824045,2026-04-21,development
824127,2026-04-21,development
824290,2026-04-21,development
824369,2026-04-21,development
824448,2026-04-21,development
824690,2026-04-21,development
824773,2026-04-21,development
825099,2026-04-21,development
822748,2026-04-22,development
822913,2026-04-22,development
822993,2026-04-22,development
823147,2026-04-22,development
823231,2026-04-22,development
823641,2026-04-22,development
823878,2026-04-22,development
824044,2026-04-22,development
824123,2026-04-22,development
824286,2026-04-22,development
824367,2026-04-22,development
824449,2026-04-22,development
824688,2026-04-22,development
824774,2026-04-22,development
825097,2026-04-22,development
822745,2026-04-23,development
822912,2026-04-23,development
823233,2026-04-23,development
823639,2026-04-23,development
824288,2026-04-23,development
824368,2026-04-23,development
824689,2026-04-23,development
824770,2026-04-23,development
825096,2026-04-23,development
822827,2026-04-24,development
822909,2026-04-24,development
822992,2026-04-24,development
823069,2026-04-24,development
823232,2026-04-24,development
823638,2026-04-24,development
823800,2026-04-24,development
823962,2026-04-24,development
824124,2026-04-24,development
824204,2026-04-24,development
824529,2026-04-24,development
824611,2026-04-24,development
824854,2026-04-24,development
824932,2026-04-24,development
822826,2026-04-25,development
822910,2026-04-25,development
822989,2026-04-25,development
823070,2026-04-25,development
823229,2026-04-25,development
823799,2026-04-25,development
823960,2026-04-25,development
824121,2026-04-25,development
824203,2026-04-25,development
824527,2026-04-25,development
824613,2026-04-25,development
824851,2026-04-25,development
824933,2026-04-25,development
822824,2026-04-26,development
822911,2026-04-26,development
822991,2026-04-26,development
823068,2026-04-26,development
823230,2026-04-26,development
823635,2026-04-26,development
823637,2026-04-26,development
823797,2026-04-26,development
823959,2026-04-26,development
824122,2026-04-26,development
824202,2026-04-26,development
824528,2026-04-26,development
824612,2026-04-26,development
824852,2026-04-26,development
824934,2026-04-26,development
822825,2026-04-27,development
822906,2026-04-27,development
823311,2026-04-27,development
823395,2026-04-27,development
823719,2026-04-27,development
823961,2026-04-27,development
824446,2026-04-27,development
824609,2026-04-27,development
822823,2026-04-28,development
822908,2026-04-28,development
823310,2026-04-28,development
823390,2026-04-28,development
823473,2026-04-28,development
823636,2026-04-28,development
823716,2026-04-28,development
823798,2026-04-28,development
823956,2026-04-28,development
824447,2026-04-28,development
824526,2026-04-28,development
824610,2026-04-28,development
824849,2026-04-28,development
824931,2026-04-28,development
825017,2026-04-28,development
822821,2026-04-29,development
822907,2026-04-29,development
823312,2026-04-29,development
823392,2026-04-29,development
823633,2026-04-29,development
823717,2026-04-29,development
823796,2026-04-29,development
823958,2026-04-29,development
824445,2026-04-29,development
824525,2026-04-29,development
824608,2026-04-29,development
824930,2026-04-29,development
825015,2026-04-29,development
823391,2026-04-30,development
823471,2026-04-30,development
823472,2026-04-30,development
823634,2026-04-30,development
823714,2026-04-30,development
823795,2026-04-30,development
824524,2026-04-30,development
824848,2026-04-30,development
824850,2026-04-30,development
824929,2026-04-30,development
825016,2026-04-30,development
822744,2026-05-01,development
822990,2026-05-01,development
823066,2026-05-01,development
823146,2026-05-01,development
823309,2026-05-01,development
823389,2026-05-01,development
823557,2026-05-01,development
823713,2026-05-01,development
823877,2026-05-01,development
824041,2026-05-01,development
824287,2026-05-01,development
824366,2026-05-01,development
824686,2026-05-01,development
824772,2026-05-01,development
825012,2026-05-01,development
822746,2026-05-02,development
822988,2026-05-02,development
823067,2026-05-02,development
823144,2026-05-02,development
823308,2026-05-02,development
823388,2026-05-02,development
823554,2026-05-02,development
823715,2026-05-02,development
823876,2026-05-02,development
824042,2026-05-02,development
824284,2026-05-02,development
824365,2026-05-02,development
824685,2026-05-02,development
824771,2026-05-02,development
825014,2026-05-02,development
822742,2026-05-03,development
822987,2026-05-03,development
823065,2026-05-03,development
823145,2026-05-03,development
823307,2026-05-03,development
823387,2026-05-03,development
823555,2026-05-03,development
823711,2026-05-03,development
823875,2026-05-03,development
824043,2026-05-03,development
824285,2026-05-03,development
824364,2026-05-03,development
824687,2026-05-03,development
824769,2026-05-03,development
825013,2026-05-03,development
822984,2026-05-04,development
823064,2026-05-04,development
823143,2026-05-04,development
823228,2026-05-04,development
823552,2026-05-04,development
823874,2026-05-04,development
824039,2026-05-04,development
824120,2026-05-04,development
824201,2026-05-04,development
824283,2026-05-04,development
824363,2026-05-04,development
824684,2026-05-04,development
822743,2026-05-05,development
822986,2026-05-05,development
823142,2026-05-05,development
823227,2026-05-05,development
823469,2026-05-05,development
823553,2026-05-05,development
823873,2026-05-05,development
824040,2026-05-05,development
824119,2026-05-05,development
824200,2026-05-05,development
824281,2026-05-05,development
824682,2026-05-05,development
825092,2026-05-05,development
822740,2026-05-06,development
822985,2026-05-06,development
823063,2026-05-06,development
823141,2026-05-06,development
823226,2026-05-06,development
823470,2026-05-06,development
823550,2026-05-06,development
823872,2026-05-06,development
824036,2026-05-06,development
824118,2026-05-06,development
824198,2026-05-06,development
824282,2026-05-06,development
824361,2026-05-06,development
824683,2026-05-06,development
825091,2026-05-06,development
822741,2026-05-07,development
823306,2026-05-07,development
823467,2026-05-07,development
823551,2026-05-07,development
823870,2026-05-07,development
824117,2026-05-07,development
824362,2026-05-07,development
824681,2026-05-07,development
824767,2026-05-07,development
825090,2026-05-07,development
822822,2026-05-08,development
822904,2026-05-08,development
823225,2026-05-08,development
823303,2026-05-08,development
823466,2026-05-08,development
823794,2026-05-08,development
823871,2026-05-08,development
823957,2026-05-08,development
824116,2026-05-08,development
824443,2026-05-08,development
824522,2026-05-08,development
824607,2026-05-08,development
824768,2026-05-08,development
824846,2026-05-08,development
825088,2026-05-08,development
822820,2026-05-09,development
822905,2026-05-09,development
823224,2026-05-09,development
823304,2026-05-09,development
823468,2026-05-09,development
823792,2026-05-09,development
823869,2026-05-09,development
823955,2026-05-09,development
824115,2026-05-09,development
824444,2026-05-09,development
824523,2026-05-09,development
824606,2026-05-09,development
824847,2026-05-09,development
825089,2026-05-09,development
822819,2026-05-10,development
822902,2026-05-10,development
823221,2026-05-10,development
823305,2026-05-10,development
823463,2026-05-10,development
823793,2026-05-10,development
823868,2026-05-10,development
823954,2026-05-10,development
824113,2026-05-10,development
824440,2026-05-10,development
824520,2026-05-10,development
824605,2026-05-10,development
824765,2026-05-10,development
824845,2026-05-10,development
825085,2026-05-10,development
822818,2026-05-11,development
822901,2026-05-11,development
823953,2026-05-11,development
824199,2026-05-11,development
824441,2026-05-11,development
824844,2026-05-11,development
822817,2026-05-12,development
822903,2026-05-12,development
823385,2026-05-12,development
823632,2026-05-12,development
823712,2026-05-12,development
823790,2026-05-12,development
823951,2026-05-12,development
824197,2026-05-12,development
824442,2026-05-12,development
824521,2026-05-12,development
824604,2026-05-12,development
824764,2026-05-12,development
824843,2026-05-12,development
824927,2026-05-12,development
825011,2026-05-12,development
822815,2026-05-13,development
822900,2026-05-13,development
823386,2026-05-13,development
823631,2026-05-13,development
823710,2026-05-13,development
823791,2026-05-13,development
823952,2026-05-13,development
824195,2026-05-13,development
824438,2026-05-13,development
824519,2026-05-13,development
824603,2026-05-13,development
824763,2026-05-13,development
824841,2026-05-13,development
824928,2026-05-13,development
825010,2026-05-13,development
823383,2026-05-14,development
823630,2026-05-14,development
823709,2026-05-14,development
823789,2026-05-14,development
823950,2026-05-14,development
824196,2026-05-14,development
824517,2026-05-14,development
824602,2026-05-14,development
824762,2026-05-14,development
824926,2026-05-14,development
825008,2026-05-14,development
822739,2026-05-15,development
822983,2026-05-15,development
823061,2026-05-15,development
823140,2026-05-15,development
823384,2026-05-15,development
823629,2026-05-15,development
823707,2026-05-15,development
824037,2026-05-15,development
824194,2026-05-15,development
824280,2026-05-15,development
824360,2026-05-15,development
824439,2026-05-15,development
824601,2026-05-15,development
824925,2026-05-15,development
825009,2026-05-15,development
822737,2026-05-16,development
822981,2026-05-16,development
823060,2026-05-16,development
823139,2026-05-16,development
823382,2026-05-16,development
823627,2026-05-16,development
823706,2026-05-16,development
824038,2026-05-16,development
824193,2026-05-16,development
824278,2026-05-16,development
824359,2026-05-16,development
824435,2026-05-16,development
824600,2026-05-16,development
824924,2026-05-16,development
825007,2026-05-16,development
822738,2026-05-17,development
822982,2026-05-17,development
823058,2026-05-17,development
823138,2026-05-17,development
823381,2026-05-17,development
823628,2026-05-17,development
823708,2026-05-17,development
824034,2026-05-17,development
824192,2026-05-17,development
824279,2026-05-17,development
824358,2026-05-17,development
824436,2026-05-17,development
824599,2026-05-17,development
824923,2026-05-17,development
825006,2026-05-17,development
822734,2026-05-18,development
822980,2026-05-18,development
823137,2026-05-18,development
823301,2026-05-18,development
823465,2026-05-18,development
823549,2026-05-18,development
823705,2026-05-18,development
823867,2026-05-18,development
824035,2026-05-18,development
824114,2026-05-18,development
824277,2026-05-18,development
824357,2026-05-18,development
824680,2026-05-18,development
825087,2026-05-18,development
822736,2026-05-19,development
822979,2026-05-19,development
823059,2026-05-19,development
823136,2026-05-19,development
823302,2026-05-19,development
823464,2026-05-19,development
823548,2026-05-19,development
823704,2026-05-19,development
823865,2026-05-19,development
824033,2026-05-19,development
824112,2026-05-19,development
824276,2026-05-19,development
824356,2026-05-19,development
824677,2026-05-19,development
825086,2026-05-19,development
822735,2026-05-20,development
822977,2026-05-20,development
823057,2026-05-20,development
823134,2026-05-20,development
823299,2026-05-20,development
823462,2026-05-20,development
823547,2026-05-20,development
823703,2026-05-20,development
823866,2026-05-20,development
824032,2026-05-20,development
824111,2026-05-20,development
824273,2026-05-20,development
824355,2026-05-20,development
824678,2026-05-20,development
825084,2026-05-20,development
822733,2026-05-21,development
823056,2026-05-21,development
823545,2026-05-21,development
823864,2026-05-21,development
824031,2026-05-21,development
824274,2026-05-21,development
825083,2026-05-21,development
822816,2026-05-22,development
823223,2026-05-22,development
823298,2026-05-22,development
823461,2026-05-22,development
823546,2026-05-22,development
823788,2026-05-22,development
823863,2026-05-22,development
824029,2026-05-22,development
824110,2026-05-22,development
824679,2026-05-22,development
824761,2026-05-22,development
824842,2026-05-22,development
824922,2026-05-22,development
825082,2026-05-22,development
822814,2026-05-23,development
823222,2026-05-23,development
823300,2026-05-23,development
823458,2026-05-23,development
823787,2026-05-23,development
823862,2026-05-23,development
824030,2026-05-23,development
824109,2026-05-23,development
824516,2026-05-23,development
824518,2026-05-23,development
824674,2026-05-23,development
824760,2026-05-23,development
824920,2026-05-23,development
825080,2026-05-23,development
822813,2026-05-24,development
823220,2026-05-24,development
823297,2026-05-24,development
823459,2026-05-24,development
823544,2026-05-24,development
823786,2026-05-24,development
823861,2026-05-24,development
824028,2026-05-24,development
824108,2026-05-24,development
824676,2026-05-24,development
824759,2026-05-24,development
824839,2026-05-24,development
824840,2026-05-24,development
824921,2026-05-24,development
825081,2026-05-24,development
822812,2026-05-25,development
822899,2026-05-25,development
823219,2026-05-25,development
823296,2026-05-25,development
823380,2026-05-25,development
823625,2026-05-25,development
823784,2026-05-25,development
823948,2026-05-25,development
824107,2026-05-25,development
824437,2026-05-25,development
824598,2026-05-25,development
824838,2026-05-25,development
825005,2026-05-25,development
822811,2026-05-26,development
822898,2026-05-26,development
823216,2026-05-26,development
823294,2026-05-26,development
823379,2026-05-26,development
823624,2026-05-26,development
823785,2026-05-26,development
823949,2026-05-26,development
824106,2026-05-26,development
824275,2026-05-26,development
824434,2026-05-26,development
824597,2026-05-26,development
824758,2026-05-26,development
824837,2026-05-26,development
825004,2026-05-26,development
822809,2026-05-27,development
822897,2026-05-27,development
823217,2026-05-27,development
823295,2026-05-27,development
823376,2026-05-27,development
823626,2026-05-27,development
823783,2026-05-27,development
823947,2026-05-27,development
824104,2026-05-27,development
824270,2026-05-27,development
824432,2026-05-27,development
824596,2026-05-27,development
824756,2026-05-27,development
824836,2026-05-27,development
825003,2026-05-27,development
822896,2026-05-28,development
823378,2026-05-28,development
824272,2026-05-28,development
824595,2026-05-28,development
824757,2026-05-28,development
824834,2026-05-28,development
822732,2026-05-29,development
822894,2026-05-29,development
822978,2026-05-29,development
823055,2026-05-29,development
823135,2026-05-29,development
823377,2026-05-29,development
823623,2026-05-29,development
823946,2026-05-29,development
824191,2026-05-29,development
824353,2026-05-29,development
824433,2026-05-29,development
824515,2026-05-29,development
824594,2026-05-29,development
824835,2026-05-29,development
825002,2026-05-29,development
822731,2026-05-30,development
822893,2026-05-30,development
822975,2026-05-30,development
823054,2026-05-30,development
823132,2026-05-30,development
823375,2026-05-30,development
823622,2026-05-30,development
823945,2026-05-30,development
824190,2026-05-30,development
824352,2026-05-30,development
824431,2026-05-30,development
824513,2026-05-30,development
824593,2026-05-30,development
824833,2026-05-30,development
825000,2026-05-30,development
822729,2026-05-31,development
822895,2026-05-31,development
822976,2026-05-31,development
823053,2026-05-31,development
823133,2026-05-31,development
823373,2026-05-31,development
823621,2026-05-31,development
823944,2026-05-31,development
824187,2026-05-31,development
824354,2026-05-31,development
824430,2026-05-31,development
824512,2026-05-31,development
824592,2026-05-31,development
824832,2026-05-31,development
825001,2026-05-31,development
822730,2026-06-01,development
822974,2026-06-01,development
823050,2026-06-01,development
823131,2026-06-01,development
823702,2026-06-01,development
823781,2026-06-01,development
824027,2026-06-01,development
824510,2026-06-01,development
825078,2026-06-01,development
822728,2026-06-02,development
822971,2026-06-02,development
823052,2026-06-02,development
823129,2026-06-02,development
823460,2026-06-02,development
823541,2026-06-02,development
823700,2026-06-02,development
823782,2026-06-02,development
824026,2026-06-02,development
824189,2026-06-02,development
824511,2026-06-02,development
824675,2026-06-02,development
824754,2026-06-02,development
824918,2026-06-02,development
825079,2026-06-02,development
822727,2026-06-03,development
822973,2026-06-03,development
823051,2026-06-03,development
823130,2026-06-03,development
823456,2026-06-03,development
823540,2026-06-03,development
823701,2026-06-03,development
823780,2026-06-03,development
824024,2026-06-03,development
824188,2026-06-03,development
824509,2026-06-03,development
824671,2026-06-03,development
824755,2026-06-03,development
824917,2026-06-03,development
825077,2026-06-03,development
823457,2026-06-04,development
823542,2026-06-04,development
823698,2026-06-04,development
823779,2026-06-04,development
824185,2026-06-04,development
824672,2026-06-04,development
824753,2026-06-04,development
824919,2026-06-04,development
825076,2026-06-04,development
822810,2026-06-05,development
822892,2026-06-05,development
823049,2026-06-05,development
823293,2026-06-05,development
823455,2026-06-05,development
823538,2026-06-05,development
823699,2026-06-05,development
823860,2026-06-05,development
823943,2026-06-05,development
824186,2026-06-05,development
824271,2026-06-05,development
824350,2026-06-05,development
824673,2026-06-05,development
824914,2026-06-05,development
825073,2026-06-05,development
822808,2026-06-06,development
822891,2026-06-06,development
823048,2026-06-06,development
823292,2026-06-06,development
823454,2026-06-06,development
823697,2026-06-06,development
823859,2026-06-06,development
823942,2026-06-06,development
824184,2026-06-06,development
824269,2026-06-06,development
824351,2026-06-06,development
824669,2026-06-06,development
824915,2026-06-06,development
825075,2026-06-06,development
822807,2026-06-07,development
822890,2026-06-07,development
823047,2026-06-07,development
823291,2026-06-07,development
823453,2026-06-07,development
823537,2026-06-07,development
823696,2026-06-07,development
823857,2026-06-07,development
823941,2026-06-07,development
824183,2026-06-07,development
824268,2026-06-07,development
824349,2026-06-07,development
824670,2026-06-07,development
824916,2026-06-07,development
825074,2026-06-07,development
822806,2026-06-08,development
822972,2026-06-08,development
823218,2026-06-08,development
823289,2026-06-08,development
824025,2026-06-08,development
824427,2026-06-08,development
824829,2026-06-08,development
824998,2026-06-08,development
822805,2026-06-09,development
822969,2026-06-09,development
823214,2026-06-09,development
823290,2026-06-09,development
823374,2026-06-09,development
823620,2026-06-09,development
823858,2026-06-09,development
824023,2026-06-09,development
824105,2026-06-09,development
824267,2026-06-09,development
824347,2026-06-09,development
824429,2026-06-09,development
824591,2026-06-09,development
824830,2026-06-09,development
824999,2026-06-09,development
822804,2026-06-10,development
822970,2026-06-10,development
823215,2026-06-10,development
823287,2026-06-10,development
823372,2026-06-10,development
823618,2026-06-10,development
823856,2026-06-10,development
824022,2026-06-10,development
824103,2026-06-10,development
824266,2026-06-10,development
824348,2026-06-10,development
824428,2026-06-10,development
824590,2026-06-10,development
824831,2026-06-10,development
824996,2026-06-10,development
823371,2026-06-11,development
823619,2026-06-11,development
823855,2026-06-11,development
824101,2026-06-11,development
824265,2026-06-11,development
824346,2026-06-11,development
824827,2026-06-11,development
822726,2026-06-12,development
822803,2026-06-12,development
823211,2026-06-12,development
823370,2026-06-12,development
823617,2026-06-12,development
823695,2026-06-12,development
823778,2026-06-12,development
824020,2026-06-12,development
824102,2026-06-12,development
824425,2026-06-12,development
824507,2026-06-12,development
824588,2026-06-12,development
824752,2026-06-12,development
824826,2026-06-12,development
824997,2026-06-12,development
822725,2026-06-13,development
822802,2026-06-13,development
823213,2026-06-13,development
823369,2026-06-13,development
823616,2026-06-13,development
823694,2026-06-13,development
823776,2026-06-13,development
824019,2026-06-13,development
824100,2026-06-13,development
824426,2026-06-13,development
824508,2026-06-13,development
824587,2026-06-13,development
824749,2026-06-13,development
824828,2026-06-13,development
824995,2026-06-13,development
822722,2026-06-14,development
822801,2026-06-14,development
823212,2026-06-14,development
823368,2026-06-14,development
823615,2026-06-14,development
823693,2026-06-14,development
823777,2026-06-14,development
824021,2026-06-14,development
824099,2026-06-14,development
824506,2026-06-14,development
824586,2026-06-14,development
824751,2026-06-14,development
824823,2026-06-14,development
824994,2026-06-14,development
822724,2026-06-15,development
822887,2026-06-15,development
823046,2026-06-15,development
823452,2026-06-15,development
823938,2026-06-15,development
824181,2026-06-15,development
824505,2026-06-15,development
824666,2026-06-15,development
824993,2026-06-15,development
825071,2026-06-15,development
822723,2026-06-16,development
822888,2026-06-16,development
823045,2026-06-16,development
823128,2026-06-16,development
823451,2026-06-16,development
823535,2026-06-16,development
823775,2026-06-16,development
823939,2026-06-16,development
824182,2026-06-16,development
824504,2026-06-16,development
824667,2026-06-16,development
824750,2026-06-16,development
824912,2026-06-16,development
824991,2026-06-16,development
825070,2026-06-16,development
822721,2026-06-17,development
823044,2026-06-17,development
823127,2026-06-17,development
823450,2026-06-17,development
823536,2026-06-17,development
823774,2026-06-17,development
823940,2026-06-17,development
824178,2026-06-17,development
824503,2026-06-17,development
824668,2026-06-17,development
824746,2026-06-17,development
824913,2026-06-17,development
824992,2026-06-17,development
825072,2026-06-17,development
822889,2026-06-18,development
823125,2026-06-18,development
823448,2026-06-18,development
823533,2026-06-18,development
823772,2026-06-18,development
824098,2026-06-18,development
824748,2026-06-18,development
824989,2026-06-18,development
822886,2026-06-19,development
822966,2026-06-19,development
823124,2026-06-19,development
823534,2026-06-19,development
823853,2026-06-19,development
823936,2026-06-19,development
824097,2026-06-19,development
824179,2026-06-19,development
824264,2026-06-19,development
824345,2026-06-19,development
824663,2026-06-19,development
824910,2026-06-19,development
824990,2026-06-19,development
825069,2026-06-19,development
822885,2026-06-20,development
822967,2026-06-20,development
823126,2026-06-20,development
823447,2026-06-20,development
823532,2026-06-20,development
823854,2026-06-20,development
823937,2026-06-20,development
824180,2026-06-20,development
824263,2026-06-20,development
824342,2026-06-20,development
824665,2026-06-20,development
824909,2026-06-20,development
824988,2026-06-20,development
825068,2026-06-20,development
822883,2026-06-21,development
822968,2026-06-21,development
823123,2026-06-21,development
823449,2026-06-21,development
823531,2026-06-21,development
823852,2026-06-21,development
823934,2026-06-21,development
824095,2026-06-21,development
824177,2026-06-21,development
824260,2026-06-21,development
824343,2026-06-21,development
824908,2026-06-21,development
824987,2026-06-21,development
825067,2026-06-21,development
822720,2026-06-22,development
822800,2026-06-22,development
822964,2026-06-22,development
823040,2026-06-22,development
823288,2026-06-22,development
823692,2026-06-22,development
823851,2026-06-22,development
824016,2026-06-22,development
824261,2026-06-22,development
824344,2026-06-22,development
824502,2026-06-22,development
824585,2026-06-22,development
822718,2026-06-23,development
822799,2026-06-23,development
822963,2026-06-23,development
823043,2026-06-23,development
823210,2026-06-23,development
823286,2026-06-23,development
823365,2026-06-23,development
823614,2026-06-23,development
823690,2026-06-23,development
823849,2026-06-23,development
824017,2026-06-23,development
824262,2026-06-23,development
824340,2026-06-23,development
824501,2026-06-23,development
824584,2026-06-23,development
822719,2026-06-24,development
822798,2026-06-24,development
822965,2026-06-24,development
823041,2026-06-24,development
823208,2026-06-24,development
823284,2026-06-24,development
823367,2026-06-24,development
823611,2026-06-24,development
823613,2026-06-24,development
823691,2026-06-24,development
823850,2026-06-24,development
824018,2026-06-24,development
824259,2026-06-24,development
824341,2026-06-24,development
824500,2026-06-24,development
824583,2026-06-24,development
822717,2026-06-25,development
822797,2026-06-25,development
822961,2026-06-25,development
823209,2026-06-25,development
823366,2026-06-25,development
823612,2026-06-25,development
824258,2026-06-25,development
824747,2026-06-25,development
822796,2026-06-26,development
822962,2026-06-26,development
823039,2026-06-26,development
823206,2026-06-26,development
823285,2026-06-26,development
823363,2026-06-26,development
823610,2026-06-26,development
823688,2026-06-26,development
823773,2026-06-26,development
824014,2026-06-26,development
824255,2026-06-26,development
824423,2026-06-26,development
824582,2026-06-26,development
824743,2026-06-26,development
824824,2026-06-26,development
822794,2026-06-27,development
822960,2026-06-27,development
823038,2026-06-27,development
823207,2026-06-27,development
823283,2026-06-27,development
823364,2026-06-27,development
823609,2026-06-27,development
823689,2026-06-27,development
823770,2026-06-27,development
824015,2026-06-27,development
824257,2026-06-27,development
824421,2026-06-27,development
824581,2026-06-27,development
824745,2026-06-27,development
824825,2026-06-27,development
822795,2026-06-28,development
822959,2026-06-28,development
823037,2026-06-28,development
823204,2026-06-28,development
823281,2026-06-28,development
823362,2026-06-28,development
823608,2026-06-28,development
823686,2026-06-28,development
823769,2026-06-28,development
824011,2026-06-28,development
824256,2026-06-28,development
824422,2026-06-28,development
824580,2026-06-28,development
824744,2026-06-28,development
824821,2026-06-28,development
822792,2026-06-29,development
823121,2026-06-29,development
823444,2026-06-29,development
823529,2026-06-29,development
823771,2026-06-29,development
824176,2026-06-29,development
824339,2026-06-29,development
824420,2026-06-29,development
824662,2026-06-29,development
824741,2026-06-29,development
824822,2026-06-29,development
824986,2026-06-29,development
825065,2026-06-29,development
822793,2026-06-30,development
823122,2026-06-30,development
823445,2026-06-30,development
823528,2026-06-30,development
823768,2026-06-30,development
824096,2026-06-30,development
824175,2026-06-30,development
824338,2026-06-30,development
824418,2026-06-30,development
824661,2026-06-30,development
824742,2026-06-30,development
824819,2026-06-30,development
824907,2026-06-30,development
824984,2026-06-30,development
825066,2026-06-30,development
822791,2026-07-01,development
823446,2026-07-01,development
823530,2026-07-01,development
823767,2026-07-01,development
824094,2026-07-01,development
824174,2026-07-01,development
824337,2026-07-01,development
824419,2026-07-01,development
824660,2026-07-01,development
824740,2026-07-01,development
824818,2026-07-01,development
824905,2026-07-01,development
824985,2026-07-01,development
825064,2026-07-01,development
822884,2026-07-02,development
823119,2026-07-02,development
823442,2026-07-02,development
823765,2026-07-02,development
823935,2026-07-02,development
824093,2026-07-02,development
824335,2026-07-02,development
824416,2026-07-02,development
824906,2026-07-02,development
822714,2026-07-03,development
823120,2026-07-03,development
823527,2026-07-03,development
823933,2026-07-03,development
824013,2026-07-03,development
824173,2026-07-03,development
824336,2026-07-03,development
824417,2026-07-03,development
824498,2026-07-03,development
824659,2026-07-03,development
824904,2026-07-03,development
824982,2026-07-03,development
825062,2026-07-03,development
822716,2026-07-04,development
822882,2026-07-04,development
823118,2026-07-04,development
823526,2026-07-04,development
823932,2026-07-04,development
824012,2026-07-04,development
824092,2026-07-04,development
824171,2026-07-04,development
824334,2026-07-04,development
824415,2026-07-04,development
824499,2026-07-04,development
824658,2026-07-04,development
824903,2026-07-04,development
824983,2026-07-04,development
825063,2026-07-04,development
822715,2026-07-05,development
822879,2026-07-05,development
823117,2026-07-05,development
823525,2026-07-05,development
823931,2026-07-05,development
824010,2026-07-05,development
824091,2026-07-05,development
824172,2026-07-05,development
824333,2026-07-05,development
824413,2026-07-05,development
824497,2026-07-05,development
824656,2026-07-05,development
824902,2026-07-05,development
824980,2026-07-05,development
825061,2026-07-05,development
822712,2026-07-06,development
822958,2026-07-06,development
823036,2026-07-06,development
823205,2026-07-06,development
823282,2026-07-06,development
823930,2026-07-06,development
824089,2026-07-06,development
824900,2026-07-06,development
822713,2026-07-07,development
822881,2026-07-07,development
822956,2026-07-07,development
823035,2026-07-07,development
823062,2026-07-07,development
823203,2026-07-07,development
823280,2026-07-07,development
823361,2026-07-07,development
823607,2026-07-07,development
823687,2026-07-07,development
823847,2026-07-07,development
823929,2026-07-07,development
824254,2026-07-07,development
824495,2026-07-07,development
824579,2026-07-07,development
824820,2026-07-07,development
822710,2026-07-08,development
822880,2026-07-08,development
822957,2026-07-08,development
823032,2026-07-08,development
823202,2026-07-08,development
823279,2026-07-08,development
823360,2026-07-08,development
823605,2026-07-08,development
823684,2026-07-08,development
823848,2026-07-08,development
823928,2026-07-08,development
824253,2026-07-08,development
824496,2026-07-08,development
824578,2026-07-08,development
824815,2026-07-08,development
822877,2026-07-09,development
822954,2026-07-09,development
823034,2026-07-09,development
823201,2026-07-09,development
823277,2026-07-09,development
823359,2026-07-09,development
823606,2026-07-09,development
823683,2026-07-09,development
823846,2026-07-09,development
824251,2026-07-09,development
824494,2026-07-09,development
824577,2026-07-09,development
824816,2026-07-09,development
822709,2026-07-10,development
822878,2026-07-10,development
822955,2026-07-10,development
823033,2026-07-10,development
823200,2026-07-10,development
823278,2026-07-10,development
823604,2026-07-10,development
823685,2026-07-10,development
823845,2026-07-10,development
823927,2026-07-10,development
824252,2026-07-10,development
824493,2026-07-10,development
824575,2026-07-10,development
824817,2026-07-10,development
822711,2026-07-11,development
822875,2026-07-11,development
822953,2026-07-11,development
823030,2026-07-11,development
823198,2026-07-11,development
823276,2026-07-11,development
823356,2026-07-11,development
823357,2026-07-11,development
823603,2026-07-11,development
823682,2026-07-11,development
823844,2026-07-11,development
823926,2026-07-11,development
824249,2026-07-11,development
824492,2026-07-11,development
824576,2026-07-11,development
824813,2026-07-11,development
822708,2026-07-12,development
822876,2026-07-12,development
822951,2026-07-12,development
823029,2026-07-12,development
823199,2026-07-12,development
823274,2026-07-12,development
823358,2026-07-12,development
823602,2026-07-12,development
823681,2026-07-12,development
823842,2026-07-12,development
823925,2026-07-12,development
824250,2026-07-12,development
824491,2026-07-12,development
824574,2026-07-12,development
824814,2026-07-12,development
823440,2026-07-16,development
822789,2026-07-17,development
823115,2026-07-17,development
823524,2026-07-17,development
823766,2026-07-17,development
824009,2026-07-17,development
824090,2026-07-17,development
824170,2026-07-17,development
824332,2026-07-17,development
824655,2026-07-17,development
824737,2026-07-17,development
824766,2026-07-17,development
824901,2026-07-17,development
824981,2026-07-17,development
825060,2026-07-17,development
822790,2026-07-18,development
823116,2026-07-18,development
823441,2026-07-18,development
823763,2026-07-18,development
824008,2026-07-18,development
824088,2026-07-18,development
824169,2026-07-18,development
824331,2026-07-18,development
824412,2026-07-18,development
824414,2026-07-18,development
824657,2026-07-18,development
824738,2026-07-18,development
824899,2026-07-18,development
824979,2026-07-18,development
825059,2026-07-18,development
822786,2026-07-19,development
823113,2026-07-19,development
823439,2026-07-19,development
823521,2026-07-19,development
823523,2026-07-19,development
823764,2026-07-19,development
824007,2026-07-19,development
824086,2026-07-19,development
824168,2026-07-19,development
824330,2026-07-19,development
824411,2026-07-19,development
824653,2026-07-19,development
824739,2026-07-19,development
824897,2026-07-19,development
824978,2026-07-19,development
825057,2026-07-19,development
822788,2026-07-20,confirmation
822874,2026-07-20,confirmation
823112,2026-07-20,confirmation
823436,2026-07-20,confirmation
823522,2026-07-20,confirmation
823762,2026-07-20,confirmation
824006,2026-07-20,confirmation
824087,2026-07-20,confirmation
824167,2026-07-20,confirmation
824328,2026-07-20,confirmation
824410,2026-07-20,confirmation
824654,2026-07-20,confirmation
824736,2026-07-20,confirmation
824898,2026-07-20,confirmation
825058,2026-07-20,confirmation
822787,2026-07-21,confirmation
822871,2026-07-21,confirmation
823114,2026-07-21,confirmation
823437,2026-07-21,confirmation
823760,2026-07-21,confirmation
824005,2026-07-21,confirmation
824085,2026-07-21,confirmation
824165,2026-07-21,confirmation
824329,2026-07-21,confirmation
824409,2026-07-21,confirmation
824652,2026-07-21,confirmation
824895,2026-07-21,confirmation
825056,2026-07-21,confirmation
822784,2026-07-22,confirmation
822873,2026-07-22,confirmation
823110,2026-07-22,confirmation
823438,2026-07-22,confirmation
823518,2026-07-22,confirmation
823519,2026-07-22,confirmation
823761,2026-07-22,confirmation
824004,2026-07-22,confirmation
824083,2026-07-22,confirmation
824166,2026-07-22,confirmation
824327,2026-07-22,confirmation
824408,2026-07-22,confirmation
824650,2026-07-22,confirmation
824732,2026-07-22,confirmation
824735,2026-07-22,confirmation
824896,2026-07-22,confirmation
825055,2026-07-22,confirmation
822785,2026-07-23,confirmation
823042,2026-07-23,confirmation
824247,2026-07-23,confirmation
824406,2026-07-23,confirmation
824893,2026-07-23,confirmation
822707,2026-07-24,confirmation
822872,2026-07-24,confirmation
822952,2026-07-24,confirmation
823031,2026-07-24,confirmation
823196,2026-07-24,confirmation
823352,2026-07-24,confirmation
823434,2026-07-24,confirmation
823601,2026-07-24,confirmation
823680,2026-07-24,confirmation
823759,2026-07-24,confirmation
823843,2026-07-24,confirmation
824248,2026-07-24,confirmation
824573,2026-07-24,confirmation
824733,2026-07-24,confirmation
824812,2026-07-24,confirmation
822704,2026-07-25,confirmation
822869,2026-07-25,confirmation
822948,2026-07-25,confirmation
823027,2026-07-25,confirmation
823197,2026-07-25,confirmation
823355,2026-07-25,confirmation
823435,2026-07-25,confirmation
823600,2026-07-25,confirmation
823679,2026-07-25,confirmation
823758,2026-07-25,confirmation
823841,2026-07-25,confirmation
824244,2026-07-25,confirmation
824571,2026-07-25,confirmation
824734,2026-07-25,confirmation
824811,2026-07-25,confirmation
822706,2026-07-26,confirmation
822870,2026-07-26,confirmation
822950,2026-07-26,confirmation
823028,2026-07-26,confirmation
823194,2026-07-26,confirmation
823354,2026-07-26,confirmation
823433,2026-07-26,confirmation
823599,2026-07-26,confirmation
823678,2026-07-26,confirmation
823755,2026-07-26,confirmation
823840,2026-07-26,confirmation
824246,2026-07-26,confirmation
824572,2026-07-26,confirmation
824730,2026-07-26,confirmation
824810,2026-07-26,confirmation
822705,2026-07-27,confirmation
822868,2026-07-27,confirmation
823025,2026-07-27,confirmation
823195,2026-07-27,confirmation
823353,2026-07-27,confirmation
823597,2026-07-27,confirmation
823839,2026-07-27,confirmation
824001,2026-07-27,confirmation
824245,2026-07-27,confirmation
824570,2026-07-27,confirmation
824977,2026-07-27,confirmation
822703,2026-07-28,confirmation
822949,2026-07-28,confirmation
823026,2026-07-28,confirmation
823193,2026-07-28,confirmation
823275,2026-07-28,confirmation
823350,2026-07-28,confirmation
823676,2026-07-28,confirmation
823838,2026-07-28,confirmation
823923,2026-07-28,confirmation
824003,2026-07-28,confirmation
824243,2026-07-28,confirmation
824489,2026-07-28,confirmation
824490,2026-07-28,confirmation
824569,2026-07-28,confirmation
824976,2026-07-28,confirmation
822702,2026-07-29,confirmation
822947,2026-07-29,confirmation
823022,2026-07-29,confirmation
823192,2026-07-29,confirmation
823273,2026-07-29,confirmation
823351,2026-07-29,confirmation
823596,2026-07-29,confirmation
823598,2026-07-29,confirmation
823677,2026-07-29,confirmation
823837,2026-07-29,confirmation
823924,2026-07-29,confirmation
824002,2026-07-29,confirmation
824242,2026-07-29,confirmation
824487,2026-07-29,confirmation
824567,2026-07-29,confirmation
824973,2026-07-29,confirmation
822946,2026-07-30,confirmation
823023,2026-07-30,confirmation
823271,2026-07-30,confirmation
823595,2026-07-30,confirmation
823674,2026-07-30,confirmation
823921,2026-07-30,confirmation
824488,2026-07-30,confirmation
824568,2026-07-30,confirmation
824894,2026-07-30,confirmation
824974,2026-07-30,confirmation
822782,2026-07-31,confirmation
822945,2026-07-31,confirmation
823111,2026-07-31,confirmation
823272,2026-07-31,confirmation
823593,2026-07-31,confirmation
823922,2026-07-31,confirmation
823999,2026-07-31,confirmation
824164,2026-07-31,confirmation
824325,2026-07-31,confirmation
824407,2026-07-31,confirmation
824486,2026-07-31,confirmation
824651,2026-07-31,confirmation
824809,2026-07-31,confirmation
824892,2026-07-31,confirmation
824975,2026-07-31,confirmation
822781,2026-08-01,confirmation
822944,2026-08-01,confirmation
823109,2026-08-01,confirmation
823269,2026-08-01,confirmation
823594,2026-08-01,confirmation
823920,2026-08-01,confirmation
824000,2026-08-01,confirmation
824162,2026-08-01,confirmation
824326,2026-08-01,confirmation
824405,2026-08-01,confirmation
824485,2026-08-01,confirmation
824649,2026-08-01,confirmation
824808,2026-08-01,confirmation
824890,2026-08-01,confirmation
824972,2026-08-01,confirmation
822783,2026-08-02,confirmation
822943,2026-08-02,confirmation
823107,2026-08-02,confirmation
823270,2026-08-02,confirmation
823592,2026-08-02,confirmation
823919,2026-08-02,confirmation
823996,2026-08-02,confirmation
824163,2026-08-02,confirmation
824323,2026-08-02,confirmation
824404,2026-08-02,confirmation
824483,2026-08-02,confirmation
824648,2026-08-02,confirmation
824807,2026-08-02,confirmation
824891,2026-08-02,confirmation
824971,2026-08-02,confirmation
822867,2026-08-03,confirmation
823431,2026-08-03,confirmation
823520,2026-08-03,confirmation
823757,2026-08-03,confirmation
824160,2026-08-03,confirmation
824324,2026-08-03,confirmation
824647,2026-08-03,confirmation
825095,2026-08-03,confirmation
822865,2026-08-04,confirmation
823108,2026-08-04,confirmation
823432,2026-08-04,confirmation
823517,2026-08-04,confirmation
823756,2026-08-04,confirmation
824084,2026-08-04,confirmation
824161,2026-08-04,confirmation
824321,2026-08-04,confirmation
824403,2026-08-04,confirmation
824484,2026-08-04,confirmation
824645,2026-08-04,confirmation
824731,2026-08-04,confirmation
824805,2026-08-04,confirmation
824888,2026-08-04,confirmation
825054,2026-08-04,confirmation
822866,2026-08-05,confirmation
823106,2026-08-05,confirmation
823429,2026-08-05,confirmation
823516,2026-08-05,confirmation
823753,2026-08-05,confirmation
824082,2026-08-05,confirmation
824158,2026-08-05,confirmation
824322,2026-08-05,confirmation
824402,2026-08-05,confirmation
824482,2026-08-05,confirmation
824646,2026-08-05,confirmation
824728,2026-08-05,confirmation
824806,2026-08-05,confirmation
824889,2026-08-05,confirmation
825052,2026-08-05,confirmation
823105,2026-08-06,confirmation
823430,2026-08-06,confirmation
823754,2026-08-06,confirmation
824080,2026-08-06,confirmation
824401,2026-08-06,confirmation
824481,2026-08-06,confirmation
824664,2026-08-06,confirmation
824729,2026-08-06,confirmation
824804,2026-08-06,confirmation
824885,2026-08-06,confirmation
825053,2026-08-06,confirmation
822699,2026-08-07,confirmation
822863,2026-08-07,confirmation
823024,2026-08-07,confirmation
823103,2026-08-07,confirmation
823191,2026-08-07,confirmation
823266,2026-08-07,confirmation
823349,2026-08-07,confirmation
823428,2026-08-07,confirmation
823515,2026-08-07,confirmation
823750,2026-08-07,confirmation
823836,2026-08-07,confirmation
824081,2026-08-07,confirmation
824566,2026-08-07,confirmation
824727,2026-08-07,confirmation
825051,2026-08-07,confirmation
822701,2026-08-08,confirmation
822864,2026-08-08,confirmation
823021,2026-08-08,confirmation
823102,2026-08-08,confirmation
823188,2026-08-08,confirmation
823267,2026-08-08,confirmation
823348,2026-08-08,confirmation
823426,2026-08-08,confirmation
823514,2026-08-08,confirmation
823752,2026-08-08,confirmation
823834,2026-08-08,confirmation
824079,2026-08-08,confirmation
824565,2026-08-08,confirmation
824726,2026-08-08,confirmation
825049,2026-08-08,confirmation
822700,2026-08-09,confirmation
822862,2026-08-09,confirmation
823020,2026-08-09,confirmation
823104,2026-08-09,confirmation
823190,2026-08-09,confirmation
823268,2026-08-09,confirmation
823345,2026-08-09,confirmation
823425,2026-08-09,confirmation
823513,2026-08-09,confirmation
823751,2026-08-09,confirmation
823835,2026-08-09,confirmation
824078,2026-08-09,confirmation
824564,2026-08-09,confirmation
824724,2026-08-09,confirmation
825050,2026-08-09,confirmation
822780,2026-08-10,confirmation
823018,2026-08-10,confirmation
823189,2026-08-10,confirmation
823265,2026-08-10,confirmation
823675,2026-08-10,confirmation
823918,2026-08-10,confirmation
823998,2026-08-10,confirmation
824887,2026-08-10,confirmation
824969,2026-08-10,confirmation
825048,2026-08-10,confirmation
822697,2026-08-11,confirmation
822778,2026-08-11,confirmation
823019,2026-08-11,confirmation
823186,2026-08-11,confirmation
823264,2026-08-11,confirmation
823512,2026-08-11,confirmation
823673,2026-08-11,confirmation
823832,2026-08-11,confirmation
823917,2026-08-11,confirmation
823997,2026-08-11,confirmation
824240,2026-08-11,confirmation
824563,2026-08-11,confirmation
824886,2026-08-11,confirmation
824970,2026-08-11,confirmation
825046,2026-08-11,confirmation
822698,2026-08-12,confirmation
822779,2026-08-12,confirmation
823017,2026-08-12,confirmation
823187,2026-08-12,confirmation
823263,2026-08-12,confirmation
823511,2026-08-12,confirmation
823672,2026-08-12,confirmation
823833,2026-08-12,confirmation
823916,2026-08-12,confirmation
823994,2026-08-12,confirmation
824241,2026-08-12,confirmation
824562,2026-08-12,confirmation
824883,2026-08-12,confirmation
824967,2026-08-12,confirmation
825047,2026-08-12,confirmation
822696,2026-08-13,confirmation
822776,2026-08-13,confirmation
823508,2026-08-13,confirmation
823829,2026-08-13,confirmation
823915,2026-08-13,confirmation
823995,2026-08-13,confirmation
824238,2026-08-13,confirmation
824561,2026-08-13,confirmation
822777,2026-08-14,confirmation
822942,2026-08-14,confirmation
823185,2026-08-14,confirmation
823346,2026-08-14,confirmation
823591,2026-08-14,confirmation
823913,2026-08-14,confirmation
823993,2026-08-14,confirmation
824159,2026-08-14,confirmation
824237,2026-08-14,confirmation
824399,2026-08-14,confirmation
824479,2026-08-14,confirmation
824643,2026-08-14,confirmation
824882,2026-08-14,confirmation
824968,2026-08-14,confirmation
822775,2026-08-15,confirmation
822941,2026-08-15,confirmation
823184,2026-08-15,confirmation
823347,2026-08-15,confirmation
823588,2026-08-15,confirmation
823671,2026-08-15,confirmation
823914,2026-08-15,confirmation
823990,2026-08-15,confirmation
824157,2026-08-15,confirmation
824239,2026-08-15,confirmation
824400,2026-08-15,confirmation
824480,2026-08-15,confirmation
824644,2026-08-15,confirmation
824884,2026-08-15,confirmation
824966,2026-08-15,confirmation
822774,2026-08-16,confirmation
822940,2026-08-16,confirmation
823182,2026-08-16,confirmation
823344,2026-08-16,confirmation
823590,2026-08-16,confirmation
823670,2026-08-16,confirmation
823912,2026-08-16,confirmation
823991,2026-08-16,confirmation
824156,2026-08-16,confirmation
824236,2026-08-16,confirmation
824397,2026-08-16,confirmation
824477,2026-08-16,confirmation
824642,2026-08-16,confirmation
824880,2026-08-16,confirmation
824965,2026-08-16,confirmation
822939,2026-08-17,confirmation
823343,2026-08-17,confirmation
823427,2026-08-17,confirmation
823589,2026-08-17,confirmation
823668,2026-08-17,confirmation
824077,2026-08-17,confirmation
824320,2026-08-17,confirmation
824478,2026-08-17,confirmation
824514,2026-08-17,confirmation
824641,2026-08-17,confirmation
824725,2026-08-17,confirmation
822859,2026-08-18,confirmation
822938,2026-08-18,confirmation
823341,2026-08-18,confirmation
823423,2026-08-18,confirmation
823586,2026-08-18,confirmation
823667,2026-08-18,confirmation
823749,2026-08-18,confirmation
824075,2026-08-18,confirmation
824154,2026-08-18,confirmation
824319,2026-08-18,confirmation
824398,2026-08-18,confirmation
824475,2026-08-18,confirmation
824639,2026-08-18,confirmation
824723,2026-08-18,confirmation
824803,2026-08-18,confirmation
822860,2026-08-19,confirmation
822937,2026-08-19,confirmation
823342,2026-08-19,confirmation
823424,2026-08-19,confirmation
823587,2026-08-19,confirmation
823664,2026-08-19,confirmation
823748,2026-08-19,confirmation
824076,2026-08-19,confirmation
824155,2026-08-19,confirmation
824318,2026-08-19,confirmation
824394,2026-08-19,confirmation
824476,2026-08-19,confirmation
824640,2026-08-19,confirmation
824722,2026-08-19,confirmation
824801,2026-08-19,confirmation
822861,2026-08-20,confirmation
822934,2026-08-20,confirmation
823747,2026-08-20,confirmation
824074,2026-08-20,confirmation
824153,2026-08-20,confirmation
824395,2026-08-20,confirmation
824474,2026-08-20,confirmation
824589,2026-08-20,confirmation
824802,2026-08-20,confirmation
822857,2026-08-21,confirmation
823101,2026-08-21,confirmation
823262,2026-08-21,confirmation
823420,2026-08-21,confirmation
823510,2026-08-21,confirmation
823746,2026-08-21,confirmation
823830,2026-08-21,confirmation
823911,2026-08-21,confirmation
824072,2026-08-21,confirmation
824152,2026-08-21,confirmation
824317,2026-08-21,confirmation
824559,2026-08-21,confirmation
824721,2026-08-21,confirmation
824800,2026-08-21,confirmation
825045,2026-08-21,confirmation
822858,2026-08-22,confirmation
823100,2026-08-22,confirmation
823261,2026-08-22,confirmation
823422,2026-08-22,confirmation
823509,2026-08-22,confirmation
823743,2026-08-22,confirmation
823831,2026-08-22,confirmation
823910,2026-08-22,confirmation
824073,2026-08-22,confirmation
824151,2026-08-22,confirmation
824316,2026-08-22,confirmation
824560,2026-08-22,confirmation
824718,2026-08-22,confirmation
824798,2026-08-22,confirmation
825044,2026-08-22,confirmation
822856,2026-08-23,confirmation
823099,2026-08-23,confirmation
823258,2026-08-23,confirmation
823421,2026-08-23,confirmation
823507,2026-08-23,confirmation
823827,2026-08-23,confirmation
823909,2026-08-23,confirmation
824071,2026-08-23,confirmation
824150,2026-08-23,confirmation
824315,2026-08-23,confirmation
824558,2026-08-23,confirmation
824720,2026-08-23,confirmation
824799,2026-08-23,confirmation
825043,2026-08-23,confirmation
822695,2026-08-24,confirmation
823097,2026-08-24,confirmation
823183,2026-08-24,confirmation
823260,2026-08-24,confirmation
823828,2026-08-24,confirmation
823992,2026-08-24,confirmation
824235,2026-08-24,confirmation
824557,2026-08-24,confirmation
824964,2026-08-24,confirmation
825041,2026-08-24,confirmation
822693,2026-08-25,confirmation
822773,2026-08-25,confirmation
823016,2026-08-25,confirmation
823098,2026-08-25,confirmation
823181,2026-08-25,confirmation
823259,2026-08-25,confirmation
823505,2026-08-25,confirmation
823585,2026-08-25,confirmation
823826,2026-08-25,confirmation
823989,2026-08-25,confirmation
824233,2026-08-25,confirmation
824556,2026-08-25,confirmation
824881,2026-08-25,confirmation
824962,2026-08-25,confirmation
825042,2026-08-25,confirmation
